,Total,Social,Drug,Sexual,Needle
Groundtruth_Data,0.11460007,0.116091542,0.101456455,0.115174075,0.091051124
Sample_Data,0.132122213,0.110509698,0.01369863,0.076470588,0.512110727